{
  "IcoMoonType": "selection",
  "icons": [
    {
      "icon": {
        "paths": [
          "M658 316l-196 196 196 196-60 60-256-256 256-256z"
        ],
        "attrs": [],
        "isMulticolor": false,
        "isMulticolor2": false,
        "tags": [
          "navigate_before"
        ],
        "defaultCode": 58376,
        "grid": 24
      },
      "attrs": [],
      "properties": {
        "order": 2,
        "ligatures": "chevron_left, navigate_before",
        "id": 152,
        "prevSize": 24,
        "code": 58376,
        "name": "navigate_before"
      },
      "setIdx": 0,
      "setId": 5,
      "iconIdx": 152
    },
    {
      "icon": {
        "paths": [
          "M426 256l256 256-256 256-60-60 196-196-196-196z"
        ],
        "attrs": [],
        "isMulticolor": false,
        "isMulticolor2": false,
        "tags": [
          "navigate_next"
        ],
        "defaultCode": 58377,
        "grid": 24
      },
      "attrs": [],
      "properties": {
        "order": 3,
        "ligatures": "chevron_right, navigate_next",
        "id": 153,
        "prevSize": 24,
        "code": 58377,
        "name": "navigate_next"
      },
      "setIdx": 0,
      "setId": 5,
      "iconIdx": 153
    },
    {
      "icon": {
        "paths": [
          "M234 298c36 0 64-28 64-64s-28-64-64-64-64 28-64 64 28 64 64 64zM914 494c16 16 24 36 24 60s-8 44-24 60l-300 300c-16 16-36 24-60 24s-44-8-60-24l-384-384c-16-16-24-36-24-60v-300c0-46 38-84 84-84h300c24 0 44 8 60 24z"
        ],
        "attrs": [],
        "isMulticolor": false,
        "isMulticolor2": false,
        "tags": [
          "local_offer"
        ],
        "defaultCode": 58702,
        "grid": 24
      },
      "attrs": [],
      "properties": {
        "order": 2,
        "ligatures": "local_offer",
        "id": 0,
        "prevSize": 24,
        "code": 58702,
        "name": "tag"
      },
      "setIdx": 2,
      "setId": 3,
      "iconIdx": 0
    },
    {
      "icon": {
        "paths": [
          "M316 334l196 196 196-196 60 60-256 256-256-256z"
        ],
        "attrs": [],
        "isMulticolor": false,
        "isMulticolor2": false,
        "tags": [
          "keyboard_arrow_down"
        ],
        "defaultCode": 58131,
        "grid": 24
      },
      "attrs": [],
      "properties": {
        "order": 2,
        "ligatures": "keyboard_arrow_down",
        "id": 1,
        "prevSize": 24,
        "code": 58131,
        "name": "keyboard_arrow_down"
      },
      "setIdx": 2,
      "setId": 3,
      "iconIdx": 1
    },
    {
      "icon": {
        "paths": [
          "M170 512l342-342 342 342-62 60-238-238v520h-84v-520l-240 238z"
        ],
        "attrs": [],
        "isMulticolor": false,
        "isMulticolor2": false,
        "tags": [
          "arrow_upward"
        ],
        "defaultCode": 58840,
        "grid": 24
      },
      "attrs": [],
      "properties": {
        "order": 3,
        "ligatures": "arrow_upward",
        "id": 2,
        "prevSize": 24,
        "code": 58840,
        "name": "arrow_upward"
      },
      "setIdx": 2,
      "setId": 3,
      "iconIdx": 2
    },
    {
      "icon": {
        "paths": [
          "M726 554h-128v-170h-172v170h-128l214 214zM826 428c110 8 198 100 198 212 0 118-96 214-214 214h-554c-142 0-256-114-256-256 0-132 100-240 228-254 54-102 160-174 284-174 156 0 284 110 314 258z"
        ],
        "attrs": [],
        "isMulticolor": false,
        "isMulticolor2": false,
        "tags": [
          "cloud_download"
        ],
        "defaultCode": 58048,
        "grid": 24
      },
      "attrs": [],
      "properties": {
        "order": 7,
        "ligatures": "cloud_download",
        "id": 3,
        "prevSize": 24,
        "code": 58048,
        "name": "cloud_download"
      },
      "setIdx": 2,
      "setId": 3,
      "iconIdx": 3
    },
    {
      "icon": {
        "paths": [
          "M512 736l-264 160 70-300-232-202 306-26 120-282 120 282 306 26-232 202 70 300z"
        ],
        "attrs": [],
        "isMulticolor": false,
        "isMulticolor2": false,
        "tags": [
          "star"
        ],
        "defaultCode": 59448,
        "grid": 24
      },
      "attrs": [],
      "properties": {
        "order": 3,
        "ligatures": "grade, star",
        "id": 4,
        "prevSize": 24,
        "code": 59448,
        "name": "star"
      },
      "setIdx": 2,
      "setId": 3,
      "iconIdx": 4
    },
    {
      "icon": {
        "paths": [
          "M316 658l-60-60 256-256 256 256-60 60-196-196z"
        ],
        "attrs": [],
        "isMulticolor": false,
        "isMulticolor2": false,
        "tags": [
          "keyboard_arrow_up"
        ],
        "defaultCode": 58134,
        "grid": 24
      },
      "attrs": [],
      "properties": {
        "order": 5,
        "ligatures": "keyboard_arrow_up",
        "id": 5,
        "prevSize": 24,
        "code": 58134,
        "name": "keyboard_arrow_up"
      },
      "setIdx": 2,
      "setId": 3,
      "iconIdx": 5
    },
    {
      "icon": {
        "paths": [
          "M598 128h298v298h-86v-152l-418 418-60-60 418-418h-152v-86zM810 810v-298h86v298c0 46-40 86-86 86h-596c-48 0-86-40-86-86v-596c0-46 38-86 86-86h298v86h-298v596h596z"
        ],
        "attrs": [],
        "isMulticolor": false,
        "isMulticolor2": false,
        "tags": [
          "open_in_new"
        ],
        "defaultCode": 59550,
        "grid": 24
      },
      "attrs": [],
      "properties": {
        "order": 2,
        "ligatures": "launch, open_in_new",
        "id": 6,
        "prevSize": 24,
        "code": 59550,
        "name": "open_in_new"
      },
      "setIdx": 2,
      "setId": 3,
      "iconIdx": 6
    },
    {
      "icon": {
        "paths": [
          "M554 598v-172h-84v172h84zM554 768v-86h-84v86h84zM42 896l470-810 470 810h-940z"
        ],
        "attrs": [],
        "isMulticolor": false,
        "isMulticolor2": false,
        "tags": [
          "warning"
        ],
        "defaultCode": 57346,
        "grid": 24
      },
      "attrs": [],
      "properties": {
        "order": 4,
        "ligatures": "report_problem, warning",
        "id": 7,
        "prevSize": 24,
        "code": 57346,
        "name": "warning"
      },
      "setIdx": 2,
      "setId": 3,
      "iconIdx": 7
    },
    {
      "icon": {
        "paths": [
          "M854 470v84h-520l238 240-60 60-342-342 342-342 60 60-238 240h520z"
        ],
        "attrs": [],
        "isMulticolor": false,
        "isMulticolor2": false,
        "tags": [
          "arrow_back"
        ],
        "defaultCode": 58820,
        "grid": 24
      },
      "attrs": [],
      "properties": {
        "order": 7,
        "ligatures": "arrow_back",
        "id": 8,
        "prevSize": 24,
        "code": 58820,
        "name": "back"
      },
      "setIdx": 2,
      "setId": 3,
      "iconIdx": 8
    },
    {
      "icon": {
        "paths": [
          "M512 170l342 342-342 342-60-60 238-240h-520v-84h520l-238-240z"
        ],
        "attrs": [],
        "isMulticolor": false,
        "isMulticolor2": false,
        "tags": [
          "arrow_forward"
        ],
        "defaultCode": 58824,
        "grid": 24
      },
      "attrs": [],
      "properties": {
        "order": 6,
        "ligatures": "arrow_forward",
        "id": 9,
        "prevSize": 24,
        "code": 58824,
        "name": "forward"
      },
      "setIdx": 2,
      "setId": 3,
      "iconIdx": 9
    },
    {
      "icon": {
        "paths": [
          "M854 682v-512h-684v598l86-86h598zM854 86c46 0 84 38 84 84v512c0 46-38 86-84 86h-598l-170 170v-768c0-46 38-84 84-84h684z"
        ],
        "attrs": [],
        "isMulticolor": false,
        "isMulticolor2": false,
        "tags": [
          "chat_bubble_outline"
        ],
        "defaultCode": 57547,
        "grid": 24
      },
      "attrs": [],
      "properties": {
        "order": 15,
        "ligatures": "chat_bubble_outline",
        "id": 10,
        "prevSize": 24,
        "code": 57547,
        "name": "chat"
      },
      "setIdx": 2,
      "setId": 3,
      "iconIdx": 10
    },
    {
      "icon": {
        "paths": [
          "M810 274l-238 238 238 238-60 60-238-238-238 238-60-60 238-238-238-238 60-60 238 238 238-238z"
        ],
        "attrs": [],
        "isMulticolor": false,
        "isMulticolor2": false,
        "tags": [
          "close"
        ],
        "defaultCode": 58829,
        "grid": 24
      },
      "attrs": [],
      "properties": {
        "order": 3,
        "ligatures": "clear, close",
        "id": 11,
        "prevSize": 24,
        "code": 58829,
        "name": "close"
      },
      "setIdx": 2,
      "setId": 3,
      "iconIdx": 11
    },
    {
      "icon": {
        "paths": [
          "M622 708l198-196-198-196 60-60 256 256-256 256zM402 708l-60 60-256-256 256-256 60 60-198 196z"
        ],
        "attrs": [],
        "isMulticolor": false,
        "isMulticolor2": false,
        "tags": [
          "code"
        ],
        "defaultCode": 59503,
        "grid": 24
      },
      "attrs": [],
      "properties": {
        "order": 5,
        "ligatures": "code",
        "id": 12,
        "prevSize": 24,
        "code": 59503,
        "name": "code2"
      },
      "setIdx": 2,
      "setId": 3,
      "iconIdx": 12
    },
    {
      "icon": {
        "paths": [
          "M512 910l-62-56c-220-200-364-330-364-492 0-132 102-234 234-234 74 0 146 36 192 90 46-54 118-90 192-90 132 0 234 102 234 234 0 162-144 294-364 494z"
        ],
        "attrs": [],
        "isMulticolor": false,
        "isMulticolor2": false,
        "tags": [
          "favorite"
        ],
        "defaultCode": 59517,
        "grid": 24
      },
      "attrs": [],
      "properties": {
        "order": 4,
        "ligatures": "favorite",
        "id": 13,
        "prevSize": 24,
        "code": 59517,
        "name": "favorite"
      },
      "setIdx": 2,
      "setId": 3,
      "iconIdx": 13
    },
    {
      "icon": {
        "paths": [
          "M726 298c118 0 212 96 212 214s-94 214-212 214h-172v-82h172c72 0 132-60 132-132s-60-132-132-132h-172v-82h172zM342 554v-84h340v84h-340zM166 512c0 72 60 132 132 132h172v82h-172c-118 0-212-96-212-214s94-214 212-214h172v82h-172c-72 0-132 60-132 132z"
        ],
        "attrs": [],
        "isMulticolor": false,
        "isMulticolor2": false,
        "tags": [
          "link"
        ],
        "defaultCode": 57687,
        "grid": 24
      },
      "attrs": [],
      "properties": {
        "order": 17,
        "ligatures": "insert_link, link",
        "id": 14,
        "prevSize": 24,
        "code": 57687,
        "name": "link"
      },
      "setIdx": 2,
      "setId": 3,
      "iconIdx": 14
    },
    {
      "icon": {
        "paths": [
          "M128 256h768v86h-768v-86zM128 554v-84h768v84h-768zM128 768v-86h768v86h-768z"
        ],
        "attrs": [],
        "isMulticolor": false,
        "isMulticolor2": false,
        "tags": [
          "menu"
        ],
        "defaultCode": 58834,
        "grid": 24
      },
      "attrs": [],
      "properties": {
        "order": 2,
        "ligatures": "menu",
        "id": 15,
        "prevSize": 24,
        "code": 58834,
        "name": "menu"
      },
      "setIdx": 2,
      "setId": 3,
      "iconIdx": 15
    },
    {
      "icon": {
        "paths": [
          "M170 430c234 0 424 190 424 424h-122c0-166-136-302-302-302v-122zM170 190c366 0 664 298 664 664h-120c0-300-244-544-544-544v-120zM170 760c0-52 42-92 94-92s92 40 92 92-40 94-92 94-94-42-94-94z"
        ],
        "attrs": [],
        "isMulticolor": false,
        "isMulticolor2": false,
        "tags": [
          "rss_feed"
        ],
        "defaultCode": 57573,
        "grid": 24
      },
      "attrs": [],
      "properties": {
        "order": 22,
        "ligatures": "rss_feed",
        "id": 16,
        "prevSize": 24,
        "code": 57573,
        "name": "feed"
      },
      "setIdx": 2,
      "setId": 3,
      "iconIdx": 16
    },
    {
      "icon": {
        "paths": [
          "M406 598c106 0 192-86 192-192s-86-192-192-192-192 86-192 192 86 192 192 192zM662 598l212 212-64 64-212-212v-34l-12-12c-48 42-112 66-180 66-154 0-278-122-278-276s124-278 278-278 276 124 276 278c0 68-24 132-66 180l12 12h34z"
        ],
        "attrs": [],
        "isMulticolor": false,
        "isMulticolor2": false,
        "tags": [
          "search"
        ],
        "defaultCode": 59574,
        "grid": 24
      },
      "attrs": [],
      "properties": {
        "order": 14,
        "ligatures": "search",
        "id": 17,
        "prevSize": 24,
        "code": 59574,
        "name": "search"
      },
      "setIdx": 2,
      "setId": 3,
      "iconIdx": 17
    },
    {
      "icon": {
        "paths": [
          "M768 686c68 0 124 56 124 124s-56 126-124 126-124-58-124-126c0-10 0-20 2-28l-302-176c-24 22-54 34-88 34-70 0-128-58-128-128s58-128 128-128c34 0 64 12 88 34l300-174c-2-10-4-20-4-30 0-70 58-128 128-128s128 58 128 128-58 128-128 128c-34 0-64-14-88-36l-300 176c2 10 4 20 4 30s-2 20-4 30l304 176c22-20 52-32 84-32z"
        ],
        "attrs": [],
        "isMulticolor": false,
        "isMulticolor2": false,
        "tags": [
          "share"
        ],
        "defaultCode": 59405,
        "grid": 24
      },
      "attrs": [],
      "properties": {
        "order": 18,
        "ligatures": "share",
        "id": 18,
        "prevSize": 24,
        "code": 59405,
        "name": "share"
      },
      "setIdx": 2,
      "setId": 3,
      "iconIdx": 18
    },
    {
      "icon": {
        "paths": [
          "M426 726l384-384-60-62-324 324-152-152-60 60zM512 86c236 0 426 190 426 426s-190 426-426 426-426-190-426-426 190-426 426-426z"
        ],
        "attrs": [],
        "isMulticolor": false,
        "isMulticolor2": false,
        "tags": [
          "check_circle"
        ],
        "defaultCode": 59500,
        "grid": 24
      },
      "attrs": [],
      "properties": {
        "order": 2,
        "ligatures": "check_circle",
        "id": 19,
        "prevSize": 24,
        "code": 59500,
        "name": "check_circle"
      },
      "setIdx": 2,
      "setId": 3,
      "iconIdx": 19
    },
    {
      "icon": {
        "paths": [
          "M341.333 213.333v597.333l469.333-298.667z"
        ],
        "attrs": [
          {}
        ],
        "isMulticolor": false,
        "isMulticolor2": false,
        "tags": [
          "ic_play_arrow_black_24px"
        ],
        "grid": 0
      },
      "attrs": [
        {}
      ],
      "properties": {
        "order": 2,
        "id": 0,
        "name": "play",
        "prevSize": 32,
        "code": 59649
      },
      "setIdx": 1,
      "setId": 4,
      "iconIdx": 0
    },
    {
      "icon": {
        "paths": [
          "M810.667 384h-170.667v-256h-256v256h-170.667l298.667 298.667 298.667-298.667zM213.333 768v85.333h597.333v-85.333h-597.333z"
        ],
        "attrs": [],
        "isMulticolor": false,
        "isMulticolor2": false,
        "tags": [
          "ic_file_download_black_24px"
        ],
        "grid": 0
      },
      "attrs": [],
      "properties": {
        "order": 8,
        "id": 1,
        "prevSize": 32,
        "code": 59648,
        "name": "download"
      },
      "setIdx": 1,
      "setId": 4,
      "iconIdx": 1
    },
    {
      "icon": {
        "paths": [
          "M352.571 799.429l-28.571 28.571q-5.714 5.714-13.143 5.714t-13.143-5.714l-266.286-266.286q-5.714-5.714-5.714-13.143t5.714-13.143l266.286-266.286q5.714-5.714 13.143-5.714t13.143 5.714l28.571 28.571q5.714 5.714 5.714 13.143t-5.714 13.143l-224.571 224.571 224.571 224.571q5.714 5.714 5.714 13.143t-5.714 13.143zM690.286 189.714l-213.143 737.714q-2.286 7.429-8.857 11.143t-13.429 1.429l-35.429-9.714q-7.429-2.286-11.143-8.857t-1.429-14l213.143-737.714q2.286-7.429 8.857-11.143t13.429-1.429l35.429 9.714q7.429 2.286 11.143 8.857t1.429 14zM1065.714 561.714l-266.286 266.286q-5.714 5.714-13.143 5.714t-13.143-5.714l-28.571-28.571q-5.714-5.714-5.714-13.143t5.714-13.143l224.571-224.571-224.571-224.571q-5.714-5.714-5.714-13.143t5.714-13.143l28.571-28.571q5.714-5.714 13.143-5.714t13.143 5.714l266.286 266.286q5.714 5.714 5.714 13.143t-5.714 13.143z"
        ],
        "width": 1097.141944885254,
        "attrs": [],
        "isMulticolor": false,
        "isMulticolor2": false,
        "tags": [
          "code"
        ],
        "defaultCode": 61729,
        "grid": 14
      },
      "attrs": [],
      "properties": {
        "name": "code",
        "id": 0,
        "order": 4,
        "prevSize": 16,
        "code": 61729
      },
      "setIdx": 3,
      "setId": 2,
      "iconIdx": 0
    },
    {
      "icon": {
        "paths": [
          "M1056 193.714h-292v70.857h292v-70.857zM912 437.143q-51.429 0-83.429 30t-35.429 81.429h233.143q-10.286-111.429-114.286-111.429zM921.143 771.429q36 0 69.714-18.286t43.429-49.714h126.286q-57.143 175.429-244 175.429-122.286 0-194.571-75.429t-72.286-198.286q0-118.857 74.571-197.429t192.286-78.571q78.857 0 137.429 38.857t87.429 102.286 28.857 141.714q0 9.714-1.143 26.857h-376q0 63.429 32.857 98t95.143 34.571zM158.286 742.857h169.143q117.143 0 117.143-95.429 0-102.857-113.714-102.857h-172.571v198.286zM158.286 436h160.571q44.571 0 70.571-20.857t26-64.857q0-82.286-108.571-82.286h-148.571v168zM0 145.143h339.429q49.714 0 88.571 8t72.286 27.143 51.429 55.143 18 88q0 103.429-98.286 150.286 65.143 18.286 98.286 65.714t33.143 116.571q0 42.857-14 78t-37.714 59.143-56.286 40.571-69.143 24-76.571 7.429h-349.143v-720z"
        ],
        "width": 1170.2869873046875,
        "attrs": [],
        "isMulticolor": false,
        "isMulticolor2": false,
        "tags": [
          "behance"
        ],
        "defaultCode": 61876,
        "grid": 14
      },
      "attrs": [],
      "properties": {
        "name": "behance",
        "id": 1,
        "order": 7,
        "prevSize": 16,
        "code": 61876
      },
      "setIdx": 3,
      "setId": 2,
      "iconIdx": 1
    },
    {
      "icon": {
        "paths": [
          "M644 691.429q0-18.286-17.143-29.143-110.286-65.714-255.429-65.714-76 0-164 19.429-24 5.143-24 29.714 0 11.429 7.714 19.714t20.286 8.286q2.857 0 21.143-4.571 75.429-15.429 138.857-15.429 129.143 0 226.857 58.857 10.857 6.286 18.857 6.286 10.857 0 18.857-7.714t8-19.714zM698.857 568.571q0-22.857-20-34.857-135.429-80.571-313.143-80.571-87.429 0-173.143 24-27.429 7.429-27.429 36.571 0 14.286 10 24.286t24.286 10q4 0 21.143-4.571 69.714-18.857 143.429-18.857 159.429 0 278.857 70.857 13.714 7.429 21.714 7.429 14.286 0 24.286-10t10-24.286zM760.571 426.857q0-26.857-22.857-40-72-41.714-167.429-63.143t-196-21.429q-116.571 0-208 26.857-13.143 4-22 14.571t-8.857 27.714q0 17.714 11.714 29.714t29.429 12q6.286 0 22.857-4.571 76-21.143 175.429-21.143 90.857 0 176.857 19.429t144.857 54.286q12 6.857 22.857 6.857 16.571 0 28.857-11.714t12.286-29.429zM877.714 512q0 119.429-58.857 220.286t-159.714 159.714-220.286 58.857-220.286-58.857-159.714-159.714-58.857-220.286 58.857-220.286 159.714-159.714 220.286-58.857 220.286 58.857 159.714 159.714 58.857 220.286z"
        ],
        "width": 877.7139282226562,
        "attrs": [],
        "isMulticolor": false,
        "isMulticolor2": false,
        "tags": [
          "spotify"
        ],
        "defaultCode": 61884,
        "grid": 14
      },
      "attrs": [],
      "properties": {
        "name": "spotify",
        "id": 2,
        "order": 5,
        "prevSize": 16,
        "code": 61884
      },
      "setIdx": 3,
      "setId": 2,
      "iconIdx": 2
    },
    {
      "icon": {
        "paths": [
          "M123.429 668l344.571 229.714v-205.143l-190.857-127.429zM88 585.714l110.286-73.714-110.286-73.714v147.429zM556 897.714l344.571-229.714-153.714-102.857-190.857 127.429v205.143zM512 616l155.429-104-155.429-104-155.429 104zM277.143 458.857l190.857-127.429v-205.143l-344.571 229.714zM825.714 512l110.286 73.714v-147.429zM746.857 458.857l153.714-102.857-344.571-229.714v205.143zM1024 356v312q0 23.429-19.429 36.571l-468 312q-12 7.429-24.571 7.429t-24.571-7.429l-468-312q-19.429-13.143-19.429-36.571v-312q0-23.429 19.429-36.571l468-312q12-7.429 24.571-7.429t24.571 7.429l468 312q19.429 13.143 19.429 36.571z"
        ],
        "width": 1024.0000305175781,
        "attrs": [],
        "isMulticolor": false,
        "isMulticolor2": false,
        "tags": [
          "codepen"
        ],
        "defaultCode": 61899,
        "grid": 14
      },
      "attrs": [],
      "properties": {
        "name": "codepen",
        "id": 3,
        "order": 6,
        "prevSize": 16,
        "code": 61899
      },
      "setIdx": 3,
      "setId": 2,
      "iconIdx": 3
    },
    {
      "icon": {
        "paths": [
          "M438.857 73.143q119.429 0 220.286 58.857t159.714 159.714 58.857 220.286q0 143.429-83.714 258t-216.286 158.571q-15.429 2.857-22.857-4t-7.429-17.143q0-1.714 0.286-43.714t0.286-76.857q0-55.429-29.714-81.143 32.571-3.429 58.571-10.286t53.714-22.286 46.286-38 30.286-60 11.714-86q0-68-45.143-117.714 21.143-52-4.571-116.571-16-5.143-46.286 6.286t-52.571 25.143l-21.714 13.714q-53.143-14.857-109.714-14.857t-109.714 14.857q-9.143-6.286-24.286-15.429t-47.714-22-48.571-7.714q-25.714 64.571-4.571 116.571-45.143 49.714-45.143 117.714 0 48.571 11.714 85.714t30 60 46 38.286 53.714 22.286 58.571 10.286q-22.286 20.571-28 58.857-12 5.714-25.714 8.571t-32.571 2.857-37.429-12.286-31.714-35.714q-10.857-18.286-27.714-29.714t-28.286-13.714l-11.429-1.714q-12 0-16.571 2.571t-2.857 6.571 5.143 8 7.429 6.857l4 2.857q12.571 5.714 24.857 21.714t18 29.143l5.714 13.143q7.429 21.714 25.143 35.143t38.286 17.143 39.714 4 31.714-2l13.143-2.286q0 21.714 0.286 50.571t0.286 31.143q0 10.286-7.429 17.143t-22.857 4q-132.571-44-216.286-158.571t-83.714-258q0-119.429 58.857-220.286t159.714-159.714 220.286-58.857zM166.286 703.429q1.714-4-4-6.857-5.714-1.714-7.429 1.143-1.714 4 4 6.857 5.143 3.429 7.429-1.143zM184 722.857q4-2.857-1.143-9.143-5.714-5.143-9.143-1.714-4 2.857 1.143 9.143 5.714 5.714 9.143 1.714zM201.143 748.571q5.143-4 0-10.857-4.571-7.429-9.714-3.429-5.143 2.857 0 10.286t9.714 4zM225.143 772.571q4.571-4.571-2.286-10.857-6.857-6.857-11.429-1.714-5.143 4.571 2.286 10.857 6.857 6.857 11.429 1.714zM257.714 786.857q1.714-6.286-7.429-9.143-8.571-2.286-10.857 4t7.429 8.571q8.571 3.429 10.857-3.429zM293.714 789.714q0-7.429-9.714-6.286-9.143 0-9.143 6.286 0 7.429 9.714 6.286 9.143 0 9.143-6.286zM326.857 784q-1.143-6.286-10.286-5.143-9.143 1.714-8 8.571t10.286 4.571 8-8z"
        ],
        "width": 877.7150573730469,
        "attrs": [],
        "isMulticolor": false,
        "isMulticolor2": false,
        "tags": [
          "github"
        ],
        "defaultCode": 61595,
        "grid": 14
      },
      "attrs": [],
      "properties": {
        "name": "github",
        "id": 4,
        "order": 3,
        "prevSize": 16,
        "code": 61595
      },
      "setIdx": 3,
      "setId": 2,
      "iconIdx": 4
    },
    {
      "icon": {
        "paths": [
          "M199.429 357.143v566.286h-188.571v-566.286h188.571zM211.429 182.286q0.571 41.714-28.857 69.714t-77.429 28h-1.143q-46.857 0-75.429-28t-28.571-69.714q0-42.286 29.429-70t76.857-27.714 76 27.714 29.143 70zM877.714 598.857v324.571h-188v-302.857q0-60-23.143-94t-72.286-34q-36 0-60.286 19.714t-36.286 48.857q-6.286 17.143-6.286 46.286v316h-188q1.143-228 1.143-369.714t-0.571-169.143l-0.571-27.429h188v82.286h-1.143q11.429-18.286 23.429-32t32.286-29.714 49.714-24.857 65.429-8.857q97.714 0 157.143 64.857t59.429 190z"
        ],
        "width": 877.7139511108398,
        "attrs": [],
        "isMulticolor": false,
        "isMulticolor2": false,
        "tags": [
          "linkedin"
        ],
        "defaultCode": 61665,
        "grid": 14
      },
      "attrs": [],
      "properties": {
        "name": "linkedin",
        "id": 5,
        "order": 6,
        "prevSize": 16,
        "code": 61665
      },
      "setIdx": 3,
      "setId": 2,
      "iconIdx": 5
    },
    {
      "icon": {
        "paths": [
          "M713.143 73.143q68 0 116.286 48.286t48.286 116.286v548.571q0 68-48.286 116.286t-116.286 48.286h-548.571q-68 0-116.286-48.286t-48.286-116.286v-548.571q0-68 48.286-116.286t116.286-48.286h548.571zM398.857 512q0-50.286-35.429-85.714t-85.714-35.429-85.714 35.429-35.429 85.714 35.429 85.714 85.714 35.429 85.714-35.429 35.429-85.714zM721.143 512q0-50.286-35.429-85.714t-85.714-35.429-85.714 35.429-35.429 85.714 35.429 85.714 85.714 35.429 85.714-35.429 35.429-85.714z"
        ],
        "width": 877.7150573730469,
        "attrs": [],
        "isMulticolor": false,
        "isMulticolor2": false,
        "tags": [
          "flickr"
        ],
        "defaultCode": 61806,
        "grid": 14
      },
      "attrs": [],
      "properties": {
        "name": "flickr",
        "id": 6,
        "order": 7,
        "prevSize": 16,
        "code": 61806
      },
      "setIdx": 3,
      "setId": 2,
      "iconIdx": 6
    },
    {
      "icon": {
        "paths": [
          "M585.143 857.143q-24-137.714-80-284.571h-1.143l-1.143 0.571q-9.143 3.429-24.571 9.429t-57.714 28-78.286 46.857-74.857 65.429-58.857 84.571l-8.571-6.286q105.143 85.714 238.857 85.714 75.429 0 146.286-29.714zM479.429 510.286q-12-28-30.286-63.429-177.714 53.143-384.571 53.143-0.571 4-0.571 12 0 70.857 25.143 135.143t70.857 115.143q28.571-50.857 70.571-95.143t81.429-71.143 74.571-46.286 56.857-27.429l21.143-7.429q2.286-0.571 7.429-2t7.429-2.571zM418.286 389.143q-68.571-121.714-139.429-216-78.857 37.143-133.714 106.286t-73.143 155.429q172.571 0 346.286-45.714zM809.143 571.429q-120-34.286-233.714-16.571 49.714 136.571 73.143 268 63.429-42.857 105.714-108.286t54.857-143.143zM349.143 148q-0.571 0-1.143 0.571 0.571-0.571 1.143-0.571zM686.286 230.857q-105.714-93.714-247.429-93.714-43.429 0-88.571 10.857 74.857 97.143 140.571 218.286 39.429-14.857 74.286-34.571t55.143-35.143 37.429-32.571 21.429-23.143zM813.714 508q-1.714-132.571-85.143-234.286l-0.571 0.571q-5.143 6.857-10.857 14t-24.857 25.429-40.571 34.571-57.143 37.143-75.143 36.857q14.286 30.286 25.143 54.286 1.143 3.429 3.714 10t4.286 9.429q20.571-2.857 42.571-4t42-1.143 39.429 0.857 36.571 2.286 32.286 3.143 27.429 3.714 20.857 3.429 14.286 2.571zM877.714 512q0 119.429-58.857 220.286t-159.714 159.714-220.286 58.857-220.286-58.857-159.714-159.714-58.857-220.286 58.857-220.286 159.714-159.714 220.286-58.857 220.286 58.857 159.714 159.714 58.857 220.286z"
        ],
        "width": 877.7139282226562,
        "attrs": [],
        "isMulticolor": false,
        "isMulticolor2": false,
        "tags": [
          "dribbble"
        ],
        "defaultCode": 61821,
        "grid": 14
      },
      "attrs": [],
      "properties": {
        "name": "dribbble",
        "id": 7,
        "order": 5,
        "prevSize": 16,
        "code": 61821
      },
      "setIdx": 3,
      "setId": 2,
      "iconIdx": 7
    },
    {
      "icon": {
        "paths": [
          "M0 341.143q0-61.714 21.429-116.286t59.143-95.143 86.857-70.286 105.714-44.571 115.429-14.857q90.286 0 168 38t126.286 110.571 48.571 164q0 54.857-10.857 107.429t-34.286 101.143-57.143 85.429-82.857 58.857-108 22q-38.857 0-77.143-18.286t-54.857-50.286q-5.714 22.286-16 64.286t-13.429 54.286-11.714 40.571-14.857 40.571-18.286 35.714-26.286 44.286-35.429 49.429l-8 2.857-5.143-5.714q-8.571-89.714-8.571-107.429 0-52.571 12.286-118t38-164.286 29.714-116q-18.286-37.143-18.286-96.571 0-47.429 29.714-89.143t75.429-41.714q34.857 0 54.286 23.143t19.429 58.571q0 37.714-25.143 109.143t-25.143 106.857q0 36 25.714 59.714t62.286 23.714q31.429 0 58.286-14.286t44.857-38.857 32-54.286 21.714-63.143 11.429-63.429 3.714-56.857q0-98.857-62.571-154t-163.143-55.143q-114.286 0-190.857 74t-76.571 187.714q0 25.143 7.143 48.571t15.429 37.143 15.429 26 7.143 17.429q0 16-8.571 41.714t-21.143 25.714q-1.143 0-9.714-1.714-29.143-8.571-51.714-32t-34.857-54-18.571-61.714-6.286-60.857z"
        ],
        "width": 731.4300537109375,
        "attrs": [],
        "isMulticolor": false,
        "isMulticolor2": false,
        "tags": [
          "pinterest-p"
        ],
        "defaultCode": 62001,
        "grid": 14
      },
      "attrs": [],
      "properties": {
        "name": "pinterest",
        "id": 8,
        "order": 4,
        "prevSize": 16,
        "code": 62001
      },
      "setIdx": 3,
      "setId": 2,
      "iconIdx": 8
    },
    {
      "icon": {
        "paths": [
          "M438.857 365.714q0-60.571-42.857-103.429t-103.429-42.857-103.429 42.857-42.857 103.429 42.857 103.429 103.429 42.857 103.429-42.857 42.857-103.429zM585.143 365.714q0 62.286-18.857 102.286l-208 442.286q-9.143 18.857-27.143 29.714t-38.571 10.857-38.571-10.857-26.571-29.714l-208.571-442.286q-18.857-40-18.857-102.286 0-121.143 85.714-206.857t206.857-85.714 206.857 85.714 85.714 206.857z"
        ],
        "width": 585.1460762023926,
        "attrs": [],
        "isMulticolor": false,
        "isMulticolor2": false,
        "tags": [
          "map-marker"
        ],
        "defaultCode": 61505,
        "grid": 14
      },
      "attrs": [],
      "properties": {
        "name": "map",
        "id": 9,
        "order": 20,
        "prevSize": 16,
        "code": 61505
      },
      "setIdx": 3,
      "setId": 2,
      "iconIdx": 9
    },
    {
      "icon": {
        "paths": [
          "M925.714 233.143q-38.286 56-92.571 95.429 0.571 8 0.571 24 0 74.286-21.714 148.286t-66 142-105.429 120.286-147.429 83.429-184.571 31.143q-154.857 0-283.429-82.857 20 2.286 44.571 2.286 128.571 0 229.143-78.857-60-1.143-107.429-36.857t-65.143-91.143q18.857 2.857 34.857 2.857 24.571 0 48.571-6.286-64-13.143-106-63.714t-42-117.429v-2.286q38.857 21.714 83.429 23.429-37.714-25.143-60-65.714t-22.286-88q0-50.286 25.143-93.143 69.143 85.143 168.286 136.286t212.286 56.857q-4.571-21.714-4.571-42.286 0-76.571 54-130.571t130.571-54q80 0 134.857 58.286 62.286-12 117.143-44.571-21.143 65.714-81.143 101.714 53.143-5.714 106.286-28.571z"
        ],
        "width": 950.8560180664062,
        "attrs": [],
        "isMulticolor": false,
        "isMulticolor2": false,
        "tags": [
          "twitter"
        ],
        "defaultCode": 61593,
        "grid": 14
      },
      "attrs": [],
      "properties": {
        "name": "twitter",
        "id": 10,
        "order": 9,
        "prevSize": 16,
        "code": 61593
      },
      "setIdx": 3,
      "setId": 2,
      "iconIdx": 10
    },
    {
      "icon": {
        "paths": [
          "M548 6.857v150.857h-89.714q-49.143 0-66.286 20.571t-17.143 61.714v108h167.429l-22.286 169.143h-145.143v433.714h-174.857v-433.714h-145.714v-169.143h145.714v-124.571q0-106.286 59.429-164.857t158.286-58.571q84 0 130.286 6.857z"
        ],
        "width": 602.2870178222656,
        "attrs": [],
        "isMulticolor": false,
        "isMulticolor2": false,
        "tags": [
          "facebook",
          "facebook-f"
        ],
        "defaultCode": 61594,
        "grid": 14
      },
      "attrs": [],
      "properties": {
        "name": "facebook",
        "id": 11,
        "order": 8,
        "prevSize": 16,
        "code": 61594
      },
      "setIdx": 3,
      "setId": 2,
      "iconIdx": 11
    },
    {
      "icon": {
        "paths": [
          "M731.429 512q0-21.143-17.143-30.857l-292.571-182.857q-17.714-11.429-37.143-1.143-18.857 10.286-18.857 32v365.714q0 21.714 18.857 32 9.143 4.571 17.714 4.571 11.429 0 19.429-5.714l292.571-182.857q17.143-9.714 17.143-30.857zM1024 512q0 54.857-0.571 85.714t-4.857 78-12.857 84.286q-9.143 41.714-39.429 70.286t-70.857 33.143q-126.857 14.286-383.429 14.286t-383.429-14.286q-40.571-4.571-71.143-33.143t-39.714-70.286q-8-37.143-12.286-84.286t-4.857-78-0.571-85.714 0.571-85.714 4.857-78 12.857-84.286q9.143-41.714 39.429-70.286t70.857-33.143q126.857-14.286 383.429-14.286t383.429 14.286q40.571 4.571 71.143 33.143t39.714 70.286q8 37.143 12.286 84.286t4.857 78 0.571 85.714z"
        ],
        "width": 1024.0000309944153,
        "attrs": [],
        "isMulticolor": false,
        "isMulticolor2": false,
        "tags": [
          "youtube-play"
        ],
        "defaultCode": 61802,
        "grid": 14
      },
      "attrs": [],
      "properties": {
        "name": "youtube",
        "id": 12,
        "order": 11,
        "prevSize": 16,
        "code": 61802
      },
      "setIdx": 3,
      "setId": 2,
      "iconIdx": 12
    },
    {
      "icon": {
        "paths": [
          "M585.143 512q0-60.571-42.857-103.429t-103.429-42.857-103.429 42.857-42.857 103.429 42.857 103.429 103.429 42.857 103.429-42.857 42.857-103.429zM664 512q0 93.714-65.714 159.429t-159.429 65.714-159.429-65.714-65.714-159.429 65.714-159.429 159.429-65.714 159.429 65.714 65.714 159.429zM725.714 277.714q0 21.714-15.429 37.143t-37.143 15.429-37.143-15.429-15.429-37.143 15.429-37.143 37.143-15.429 37.143 15.429 15.429 37.143zM438.857 152q-4 0-43.714-0.286t-60.286 0-55.143 1.714-58.857 5.714-40.857 10.571q-28.571 11.429-50.286 33.143t-33.143 50.286q-6.286 16.571-10.571 40.857t-5.714 58.857-1.714 55.143 0 60.286 0.286 43.714-0.286 43.714 0 60.286 1.714 55.143 5.714 58.857 10.571 40.857q11.429 28.571 33.143 50.286t50.286 33.143q16.571 6.286 40.857 10.571t58.857 5.714 55.143 1.714 60.286 0 43.714-0.286 43.714 0.286 60.286 0 55.143-1.714 58.857-5.714 40.857-10.571q28.571-11.429 50.286-33.143t33.143-50.286q6.286-16.571 10.571-40.857t5.714-58.857 1.714-55.143 0-60.286-0.286-43.714 0.286-43.714 0-60.286-1.714-55.143-5.714-58.857-10.571-40.857q-11.429-28.571-33.143-50.286t-50.286-33.143q-16.571-6.286-40.857-10.571t-58.857-5.714-55.143-1.714-60.286 0-43.714 0.286zM877.714 512q0 130.857-2.857 181.143-5.714 118.857-70.857 184t-184 70.857q-50.286 2.857-181.143 2.857t-181.143-2.857q-118.857-5.714-184-70.857t-70.857-184q-2.857-50.286-2.857-181.143t2.857-181.143q5.714-118.857 70.857-184t184-70.857q50.286-2.857 181.143-2.857t181.143 2.857q118.857 5.714 184 70.857t70.857 184q2.857 50.286 2.857 181.143z"
        ],
        "width": 877.7139630317688,
        "attrs": [],
        "isMulticolor": false,
        "isMulticolor2": false,
        "tags": [
          "instagram"
        ],
        "defaultCode": 61805,
        "grid": 14
      },
      "attrs": [],
      "properties": {
        "name": "instagram",
        "id": 13,
        "order": 10,
        "prevSize": 16,
        "code": 61805
      },
      "setIdx": 3,
      "setId": 2,
      "iconIdx": 13
    },
    {
      "icon": {
        "paths": [
          "M438.857 449.143h414.286q6.857 38.286 6.857 73.143 0 124-52 221.429t-148.286 152.286-220.857 54.857q-89.714 0-170.857-34.571t-140-93.429-93.429-140-34.571-170.857 34.571-170.857 93.429-140 140-93.429 170.857-34.571q171.429 0 294.286 114.857l-119.429 114.857q-70.286-68-174.857-68-73.714 0-136.286 37.143t-99.143 100.857-36.571 139.143 36.571 139.143 99.143 100.857 136.286 37.143q49.714 0 91.429-13.714t68.571-34.286 46.857-46.857 29.429-49.714 12.857-44.571h-249.143v-150.857z"
        ],
        "width": 859.9989624023438,
        "attrs": [],
        "isMulticolor": false,
        "isMulticolor2": false,
        "tags": [
          "google"
        ],
        "defaultCode": 61856,
        "grid": 14
      },
      "attrs": [],
      "properties": {
        "name": "google",
        "id": 14,
        "order": 19,
        "prevSize": 16,
        "code": 61856
      },
      "setIdx": 3,
      "setId": 2,
      "iconIdx": 14
    },
    {
      "icon": {
        "paths": [
          "M894.286 73.143q37.143 0 62.857 26t25.714 63.143v296.571q0 100.571-38.857 192t-104.286 157.143-156.571 104.286-191.143 38.571q-100.571 0-191.714-38.571t-156.857-104.286-104.571-157.143-38.857-192v-296.571q0-36.571 26.286-62.857t62.857-26.286h805.143zM492 681.143q26.857 0 46.857-18.857l230.857-221.714q21.143-20 21.143-48.571 0-28-19.714-47.714t-47.714-19.714q-26.857 0-46.857 18.857l-184.571 177.143-184.571-177.143q-20-18.857-46.286-18.857-28 0-47.714 19.714t-19.714 47.714q0 29.143 20.571 48.571l231.429 221.714q18.857 18.857 46.286 18.857z"
        ],
        "width": 982.8579711914062,
        "attrs": [],
        "isMulticolor": false,
        "isMulticolor2": false,
        "tags": [
          "get-pocket"
        ],
        "defaultCode": 62053,
        "grid": 14
      },
      "attrs": [],
      "properties": {
        "name": "pocket",
        "id": 15,
        "order": 13,
        "prevSize": 16,
        "code": 62053
      },
      "setIdx": 3,
      "setId": 2,
      "iconIdx": 15
    },
    {
      "icon": {
        "paths": [
          "M1024 483.429q0 33.143-16.857 60.286t-45.429 41.429q6.857 26.286 6.857 54.857 0 88.571-60.857 164t-166 119.143-228.571 43.714-228.286-43.714-165.714-119.143-60.857-164q0-26.857 6.286-53.714-29.143-14.286-46.857-42t-17.714-60.857q0-46.857 33.143-80.286t80.571-33.429q48.571 0 82.857 36 124.571-86.857 294.286-92.571l66.286-297.714q1.714-7.429 8.571-12t14.857-2.857l210.857 46.286q10.286-21.143 30.857-34t45.143-12.857q35.429 0 60.571 24.857t25.143 60.286-25.143 60.571-60.571 25.143-60.286-24.857-24.857-60.286l-190.857-42.286-59.429 269.714q171.429 5.143 296.571 91.429 33.143-34.857 81.714-34.857 47.429 0 80.571 33.429t33.143 80.286zM238.857 597.143q0 35.429 24.857 60.571t60.286 25.143 60.571-25.143 25.143-60.571-25.143-60.286-60.571-24.857q-34.857 0-60 25.143t-25.143 60zM701.714 800q6.286-6.286 6.286-14.857t-6.286-14.857q-5.714-5.714-14.286-5.714t-14.857 5.714q-23.429 24-69.143 35.429t-91.429 11.429-91.429-11.429-69.143-35.429q-6.286-5.714-14.857-5.714t-14.286 5.714q-6.286 5.714-6.286 14.571t6.286 15.143q24.571 24.571 67.714 38.857t70 16.857 52 2.571 52-2.571 70-16.857 67.714-38.857zM700 682.857q35.429 0 60.286-25.143t24.857-60.571q0-34.857-25.143-60t-60-25.143q-35.429 0-60.571 24.857t-25.143 60.286 25.143 60.571 60.571 25.143z"
        ],
        "width": 1024.0010070800781,
        "attrs": [],
        "isMulticolor": false,
        "isMulticolor2": false,
        "tags": [
          "reddit-alien"
        ],
        "defaultCode": 62081,
        "grid": 14
      },
      "attrs": [],
      "properties": {
        "name": "reddit",
        "id": 16,
        "order": 12,
        "prevSize": 16,
        "code": 62081
      },
      "setIdx": 3,
      "setId": 2,
      "iconIdx": 16
    },
    {
      "icon": {
        "paths": [
          "M484.571 73.143q76.571-0.571 137.429 39.143t93.429 110q15.429 33.143 15.429 102.286 0 26.857-5.143 109.143 8 4 16 4 10.286 0 29.143-7.714t29.143-7.714q16.571 0 32 10.286t15.429 26.286q0 18.286-18 30.857t-39.429 18-39.429 16.571-18 27.143q0 8.571 6.857 24.571 21.143 46.857 58.571 85.714t82.571 57.714q16 6.857 45.714 13.143 16 3.429 16 20 0 40-125.143 58.857-4 6.286-6.286 22.286t-8 26.571-18.857 10.571q-11.429 0-35.429-3.714t-36.571-3.714q-21.143 0-35.429 2.857-18.286 2.857-36 12.857t-33.143 21.714-33.143 23.143-43.429 19.143-56.571 7.714q-29.714 0-55.143-7.714t-42.857-19.143-32.857-23.143-33.143-21.714-35.429-12.857q-14.857-2.857-36-2.857-13.714 0-37.429 4.286t-33.429 4.286q-14.286 0-20-10.571t-8-27.143-6.286-22.857q-125.143-18.857-125.143-58.857 0-16.571 16-20 29.714-6.286 45.714-13.143 44.571-18.286 82.571-57.714t58.571-85.714q6.857-16 6.857-24.571 0-16-18-27.143t-39.714-16.857-39.714-18-18-30q0-15.429 14.857-26t31.429-10.571q8.571 0 27.429 7.429t30.286 7.429q10.286 0 18.286-4-5.143-81.143-5.143-108.571 0-69.714 15.429-102.857 36.571-78.286 98.286-113.143t150.857-36z"
        ],
        "width": 950.8528900146484,
        "attrs": [],
        "isMulticolor": false,
        "isMulticolor2": false,
        "tags": [
          "snapchat-ghost"
        ],
        "defaultCode": 62124,
        "grid": 14
      },
      "attrs": [],
      "properties": {
        "name": "snapchat",
        "id": 17,
        "order": 25,
        "prevSize": 16,
        "code": 62124
      },
      "setIdx": 3,
      "setId": 2,
      "iconIdx": 17
    }
  ],
  "height": 1024,
  "metadata": {
    "name": "mapache"
  },
  "preferences": {
    "showGlyphs": true,
    "showQuickUse": true,
    "showQuickUse2": true,
    "showSVGs": true,
    "fontPref": {
      "prefix": "i-",
      "metadata": {
        "fontFamily": "mapache",
        "majorVersion": 1,
        "minorVersion": 0
      },
      "metrics": {
        "emSize": 1024,
        "baseline": 6.25,
        "whitespace": 50
      },
      "embed": false,
      "noie8": true,
      "ie7": false,
      "showSelector": false,
      "showMetrics": false,
      "showMetadata": false,
      "showVersion": false
    },
    "imagePref": {
      "prefix": "icon-",
      "png": true,
      "useClassSelector": true,
      "color": 0,
      "bgColor": 16777215,
      "classSelector": ".icon"
    },
    "historySize": 100,
    "showCodes": true,
    "gridSize": 16
  }
}